sample_id,study_name,subject_id,body_site,antibiotics_current_use,study_condition,disease,age,infant_age,age_category,gender,country,non_westernized,sequencing_platform,DNA_extraction_kit,PMID,number_reads,number_bases,minimum_read_length,median_read_length,NCBI_accession,pregnant,lactating,curator,BMI,family,days_from_first_collection,family_role,born_method,feeding_practice,travel_destination,location,visit_number,premature,birth_weight,gestational_age,antibiotics_family,disease_subtype,days_after_onset,creatine,albumine,hscrp,ESR,treatment,ast,alt,globulin,urea_nitrogen,BASDAI,BASFI,alcohol,flg_genotype,population,menopausal_status,lifestyle,body_subsite,diet,tnm,triglycerides,hdl,ldl,hba1c,change_in_tumor_size,RECIST,ORR,smoker,ever_smoker,dental_sample_type,history_of_periodontitis,PPD_M,PPD_B,PPD_D,PPD_L,fobt,disease_stage,disease_location,calprotectin,HBI,SCCAI,uncurated_metadata,mumps,cholesterol,c_peptide,glucose,creatinine,bilubirin,prothrombin_time,wbc,rbc,hemoglobinometry,remission,dyastolic_p,systolic_p,insulin_cat,adiponectin,glp_1,cd163,il_1,leptin,fgf_19,glutamate_decarboxylase_2_antibody,HLA,autoantibody_positive,age_seroconversion,age_T1D_diagnosis,hitchip_probe_class,subcohort,previous_therapy,performance_status,toxicity_above_zero,PFS12,fasting_insulin,fasting_glucose,protein_intake,stec_count,shigatoxin_2_elisa,stool_texture,anti_PD_1,mgs_richness,ferm_milk_prod_consumer,inr,ctp,birth_control_pil,c_section_type,ajcc,hla_drb12,hla_dqa12,hla_dqa11,hla_drb11,zigosity,brinkman_index,alcohol_numeric,breastfeeding_duration,formula_first_day,ALT,eGFR
S17_a_WGS,IjazUZ_2017,subIJ_3,stool,no,IBD,IBD,13.0,,schoolage,,GBR,no,IlluminaHiSeq,,28222161,3028308,828820738,72,302,ERR1776141,,,"Paolo_Manghi,Marisa_Metzger",,IjazUZ_2017_3,,child,,,,,,,,,,CD,,,,,,5-ASA,,,,,,,,,,,,,,,,,,,,,,,,,,,,,,,,L3L4,17121,,,,,,,,,,,,,,,,,,,,,,,,,,,,,,,,,,,,,,,,,,,,,,,,,,,,,,,,,,,
S149_a_WGS,IjazUZ_2017,subIJ_33,stool,no,IBD,IBD,9.0,,child,,GBR,no,IlluminaHiSeq,,28222161,3347875,921852116,72,302,ERR1776119,,,"Paolo_Manghi,Marisa_Metzger",,IjazUZ_2017_33,15.0,child,,,,,,,,,,CD,,,,,,EEN,,,,,,,,,,,,,,,,,,,,,,,,,,,,,,,,L3L4,22163,,,,,,,,,,,,,,yes,,,,,,,,,,,,,,,,,,,,,,,,,,,,,,,,,,,,,,,,,,,,,
S53_a_WGS,IjazUZ_2017,subIJ_9,stool,no,IBD,IBD,12.0,,schoolage,,GBR,no,IlluminaHiSeq,,28222161,2608836,725042735,72,302,ERR1776167,,,"Paolo_Manghi,Marisa_Metzger",,IjazUZ_2017_9,30.0,child,,,,,,,,,,CD,,,,,,aza;5-ASA;EEN,,,,,,,,,,,,,,,,,,,,,,,,,,,,,,,,L3L4,23943,,,,,,,,,,,,,,no,,,,,,,,,,,,,,,,,,,,,,,,,,,,,,,,,,,,,,,,,,,,,
S51_a_WGS,IjazUZ_2017,subIJ_9,stool,no,IBD,IBD,12.0,,schoolage,,GBR,no,IlluminaHiSeq,,28222161,1363261,368015633,72,302,ERR1776165,,,"Paolo_Manghi,Marisa_Metzger",,IjazUZ_2017_9,0.0,child,,,,,,,,,,CD,,,,,,aza;5-ASA,,,,,,,,,,,,,,,,,,,,,,,,,,,,,,,,L3L4,25817,,,,,,,,,,,,,,no,,,,,,,,,,,,,,,,,,,,,,,,,,,,,,,,,,,,,,,,,,,,,
S102_a_WGS,IjazUZ_2017,subIJ_21,stool,no,IBD,IBD,13.0,,schoolage,,GBR,no,IlluminaHiSeq,,28222161,7841860,2236550045,72,302,ERR1776103,,,"Paolo_Manghi,Marisa_Metzger",,IjazUZ_2017_21,15.0,child,,,,,,,,,,CD,,,,,,EEN,,,,,,,,,,,,,,,,,,,,,,,,,,,,,,,,L3,23470,,,,,,,,,,,,,,no,,,,,,,,,,,,,,,,,,,,,,,,,,,,,,,,,,,,,,,,,,,,,
S159_a_WGS,IjazUZ_2017,subIJ_39,stool,no,control,healthy,55.0,,adult,,GBR,no,IlluminaHiSeq,,28222161,8357728,2332416654,72,302,ERR1776130,,,"Paolo_Manghi,Marisa_Metzger",,IjazUZ_2017_39,,,,,,,,,,,,,,,,,,no,,,,,,,,,,,,,,,,,,,,,,,,,,,,,,,,,0,,,,,,,,,,,,,,,,,,,,,,,,,,,,,,,,,,,,,,,,,,,,,,,,,,,,,,,,,,,
S166_a_WGS,IjazUZ_2017,subIJ_46,stool,no,control,healthy,36.0,,adult,,GBR,no,IlluminaHiSeq,,28222161,4936539,1386707008,72,302,ERR1776138,,,"Paolo_Manghi,Marisa_Metzger",,IjazUZ_2017_46,,,,,,,,,,,,,,,,,,no,,,,,,,,,,,,,,,,,,,,,,,,,,,,,,,,,200,,,,,,,,,,,,,,,,,,,,,,,,,,,,,,,,,,,,,,,,,,,,,,,,,,,,,,,,,,,
S32_a_WGS,IjazUZ_2017,subIJ_6,stool,no,IBD,IBD,7.0,,child,,GBR,no,IlluminaHiSeq,,28222161,2071894,546377088,72,302,ERR1776151,,,"Paolo_Manghi,Marisa_Metzger",,IjazUZ_2017_6,0.0,child,,,,,,,,,,CD,,,,,,aza,,,,,,,,,,,,,,,,,,,,,,,,,,,,,,,,L2,21022,,,,,,,,,,,,,,yes,,,,,,,,,,,,,,,,,,,,,,,,,,,,,,,,,,,,,,,,,,,,,
S81_a_WGS,IjazUZ_2017,subIJ_15,stool,no,IBD,IBD,11.0,,child,,GBR,no,IlluminaHiSeq,,28222161,1707964,473294242,72,302,ERR1776192,,,"Paolo_Manghi,Marisa_Metzger",,IjazUZ_2017_15,30.0,child,,,,,,,,,,CD,,,,,,EEN,,,,,,,,,,,,,,,,,,,,,,,,,,,,,,,,L2L4,296393,,,,,,,,,,,,,,yes,,,,,,,,,,,,,,,,,,,,,,,,,,,,,,,,,,,,,,,,,,,,,
S144_a_WGS,IjazUZ_2017,subIJ_31,stool,no,control,healthy,11.0,,child,,GBR,no,IlluminaHiSeq,,28222161,5096369,1416097085,72,302,ERR1776116,,,"Paolo_Manghi,Marisa_Metzger",,IjazUZ_2017_31,,,,,,,,,,,,,,,,,,no,,,,,,,,,,,,,,,,,,,,,,,,,,,,,,,,,57,,,,,,,,,,,,,,,,,,,,,,,,,,,,,,,,,,,,,,,,,,,,,,,,,,,,,,,,,,,
S13_a_WGS,IjazUZ_2017,subIJ_3,stool,no,IBD,IBD,12.0,,schoolage,,GBR,no,IlluminaHiSeq,,28222161,6470505,1787694611,72,302,ERR1776113,,,"Paolo_Manghi,Marisa_Metzger",,IjazUZ_2017_3,0.0,child,,,,,,,,,,CD,,,,,,5-ASA,,,,,,,,,,,,,,,,,,,,,,,,,,,,,,,,L3L4,20763,,,,,,,,,,,,,,yes,,,,,,,,,,,,,,,,,,,,,,,,,,,,,,,,,,,,,,,,,,,,,
S4_a_WGS,IjazUZ_2017,subIJ_1,stool,no,IBD,IBD,8.0,,child,,GBR,no,IlluminaHiSeq,,28222161,7537833,2111497535,72,302,ERR1776163,,,"Paolo_Manghi,Marisa_Metzger",,IjazUZ_2017_1,,child,,,,,,,,,,CD,,,,,,no,,,,,,,,,,,,,,,,,,,,,,,,,,,,,,,,L3L4,884,,,,,,,,,,,,,,yes,,,,,,,,,,,,,,,,,,,,,,,,,,,,,,,,,,,,,,,,,,,,,
S2_a_WGS,IjazUZ_2017,subIJ_1,stool,no,IBD,IBD,8.0,,child,,GBR,no,IlluminaHiSeq,,28222161,7219169,2022458461,72,302,ERR1776148,,,"Paolo_Manghi,Marisa_Metzger",,IjazUZ_2017_1,15.0,child,,,,,,,,,,CD,,,,,,EEN,,,,,,,,,,,,,,,,,,,,,,,,,,,,,,,,L3L4,477,,,,,,,,,,,,,,yes,,,,,,,,,,,,,,,,,,,,,,,,,,,,,,,,,,,,,,,,,,,,,
S30_a_WGS,IjazUZ_2017,subIJ_5,stool,no,IBD,IBD,12.0,,schoolage,,GBR,no,IlluminaHiSeq,,28222161,5264879,1489268567,72,302,ERR1776149,,,"Paolo_Manghi,Marisa_Metzger",,IjazUZ_2017_5,,child,,,,,,,,,,CD,,,,,,aza,,,,,,,,,,,,,,,,,,,,,,,,,,,,,,,,L3L4,20558,,,,,,,,,,,,,,no,,,,,,,,,,,,,,,,,,,,,,,,,,,,,,,,,,,,,,,,,,,,,
S65_a_WGS,IjazUZ_2017,subIJ_11,stool,no,IBD,IBD,13.0,,schoolage,,GBR,no,IlluminaHiSeq,,28222161,1868922,520118652,72,302,ERR1776180,,,"Paolo_Manghi,Marisa_Metzger",,IjazUZ_2017_11,,child,,,,,,,,,,CD,,,,,,aza;iron,,,,,,,,,,,,,,,,,,,,,,,,,,,,,,,,L2L4,17235,,,,,,,,,,,,,,yes,,,,,,,,,,,,,,,,,,,,,,,,,,,,,,,,,,,,,,,,,,,,,
S3_a_WGS,IjazUZ_2017,subIJ_1,stool,no,IBD,IBD,8.0,,child,,GBR,no,IlluminaHiSeq,,28222161,5269973,1488299379,72,302,ERR1776156,,,"Paolo_Manghi,Marisa_Metzger",,IjazUZ_2017_1,30.0,child,,,,,,,,,,CD,,,,,,EEN,,,,,,,,,,,,,,,,,,,,,,,,,,,,,,,,L3L4,58,,,,,,,,,,,,,,yes,,,,,,,,,,,,,,,,,,,,,,,,,,,,,,,,,,,,,,,,,,,,,
S1_a_WGS,IjazUZ_2017,subIJ_1,stool,no,IBD,IBD,8.0,,child,,GBR,no,IlluminaHiSeq,,28222161,2751935,745676263,72,302,ERR1776143,,,"Paolo_Manghi,Marisa_Metzger",,IjazUZ_2017_1,0.0,child,,,,,,,,,,CD,,,,,,no,,,,,,,,,,,,,,,,,,,,,,,,,,,,,,,,L3L4,11304,,,,,,,,,,,,,,yes,,,,,,,,,,,,,,,,,,,,,,,,,,,,,,,,,,,,,,,,,,,,,
S162_a_WGS,IjazUZ_2017,subIJ_42,stool,no,control,healthy,39.0,,adult,,GBR,no,IlluminaHiSeq,,28222161,5570550,1566536923,72,302,ERR1776134,,,"Paolo_Manghi,Marisa_Metzger",,IjazUZ_2017_42,,,,,,,,,,,,,,,,,,no,,,,,,,,,,,,,,,,,,,,,,,,,,,,,,,,,0,,,,,,,,,,,,,,,,,,,,,,,,,,,,,,,,,,,,,,,,,,,,,,,,,,,,,,,,,,,
S47_a_WGS,IjazUZ_2017,subIJ_8,stool,no,IBD,IBD,14.0,,schoolage,,GBR,no,IlluminaHiSeq,,28222161,3615959,1013774781,72,302,ERR1776160,,,"Paolo_Manghi,Marisa_Metzger",,IjazUZ_2017_8,30.0,child,,,,,,,,,,CD,,,,,,EEN,,,,,,,,,,,,,,,,,,,,,,,,,,,,,,,,L3,16737,,,,,,,,,,,,,,yes,,,,,,,,,,,,,,,,,,,,,,,,,,,,,,,,,,,,,,,,,,,,,
S15_a_WGS,IjazUZ_2017,subIJ_3,stool,no,IBD,IBD,12.0,,schoolage,,GBR,no,IlluminaHiSeq,,28222161,1906436,511616835,72,302,ERR1776131,,,"Paolo_Manghi,Marisa_Metzger",,IjazUZ_2017_3,30.0,child,,,,,,,,,,CD,,,,,,EEN;5-ASA,,,,,,,,,,,,,,,,,,,,,,,,,,,,,,,,L3L4,14595,,,,,,,,,,,,,,yes,,,,,,,,,,,,,,,,,,,,,,,,,,,,,,,,,,,,,,,,,,,,,
S80_a_WGS,IjazUZ_2017,subIJ_15,stool,no,IBD,IBD,11.0,,child,,GBR,no,IlluminaHiSeq,,28222161,6168464,1731815490,72,302,ERR1776191,,,"Paolo_Manghi,Marisa_Metzger",,IjazUZ_2017_15,0.0,child,,,,,,,,,,CD,,,,,,no,,,,,,,,,,,,,,,,,,,,,,,,,,,,,,,,L2L4,2088509,,,,,,,,,,,,,,yes,,,,,,,,,,,,,,,,,,,,,,,,,,,,,,,,,,,,,,,,,,,,,
S29_a_WGS,IjazUZ_2017,subIJ_5,stool,no,IBD,IBD,12.0,,schoolage,,GBR,no,IlluminaHiSeq,,28222161,2835447,775388196,72,302,ERR1776147,,,"Paolo_Manghi,Marisa_Metzger",,IjazUZ_2017_5,30.0,child,,,,,,,,,,CD,,,,,,EEN;aza,,,,,,,,,,,,,,,,,,,,,,,,,,,,,,,,L3L4,17976,,,,,,,,,,,,,,no,,,,,,,,,,,,,,,,,,,,,,,,,,,,,,,,,,,,,,,,,,,,,
S33_a_WGS,IjazUZ_2017,subIJ_6,stool,no,IBD,IBD,7.0,,child,,GBR,no,IlluminaHiSeq,,28222161,3152304,816741005,72,302,ERR1776152,,,"Paolo_Manghi,Marisa_Metzger",,IjazUZ_2017_6,15.0,child,,,,,,,,,,CD,,,,,,EEN;aza,,,,,,,,,,,,,,,,,,,,,,,,,,,,,,,,L2,19999,,,,,,,,,,,,,,yes,,,,,,,,,,,,,,,,,,,,,,,,,,,,,,,,,,,,,,,,,,,,,
S50_a_WGS,IjazUZ_2017,subIJ_8R,stool,no,control,healthy,36.0,,adult,female,GBR,no,IlluminaHiSeq,,28222161,3034746,849902892,72,302,ERR1776164,,,"Paolo_Manghi,Marisa_Metzger",,IjazUZ_2017_8,,mother,,,,,,,,,,,,,,,,no,,,,,,,,,,,,,,,,,,,,,,,,,,,,,,,,,484,,,,,,,,,,,,,,,,,,,,,,,,,,,,,,,,,,,,,,,,,,,,,,,,,,,,,,,,,,,
S36_a_WGS,IjazUZ_2017,subIJ_6,stool,no,IBD,IBD,7.0,,child,,GBR,no,IlluminaHiSeq,,28222161,3469906,943853093,72,302,ERR1776155,,,"Paolo_Manghi,Marisa_Metzger",,IjazUZ_2017_6,,child,,,,,,,,,,CD,,,,,,5-ASA;overnight_feeds,,,,,,,,,,,,,,,,,,,,,,,,,,,,,,,,L2,16322,,,,,,,,,,,,,,,,,,,,,,,,,,,,,,,,,,,,,,,,,,,,,,,,,,,,,,,,,,,
S18_a_WGS,IjazUZ_2017,subIJ_3R,stool,no,control,healthy,40.0,,adult,male,GBR,no,IlluminaHiSeq,,28222161,2716070,737850150,72,302,ERR1776142,,,"Paolo_Manghi,Marisa_Metzger",,IjazUZ_2017_3,,father,,,,,,,,,,,,,,,,no,,,,,,,,,,,,,,,,,,,,,,,,,,,,,,,,,360,,,,,,,,,,,,,,,,,,,,,,,,,,,,,,,,,,,,,,,,,,,,,,,,,,,,,,,,,,,
S62_a_WGS,IjazUZ_2017,subIJ_11,stool,no,IBD,IBD,12.0,,schoolage,,GBR,no,IlluminaHiSeq,,28222161,3581667,982055866,72,302,ERR1776177,,,"Paolo_Manghi,Marisa_Metzger",,IjazUZ_2017_1,0.0,child,,,,,,,,,,CD,,,,,,aza;iron,,,,,,,,,,,,,,,,,,,,,,,,,,,,,,,,L2L4,24387,,,,,,,,,,,,,,yes,,,,,,,,,,,,,,,,,,,,,,,,,,,,,,,,,,,,,,,,,,,,,
S5_a_WGS,IjazUZ_2017,subIJ_1,stool,no,IBD,IBD,8.0,,child,,GBR,no,IlluminaHiSeq,,28222161,4030164,1149250529,72,302,ERR1776174,,,"Paolo_Manghi,Marisa_Metzger",,IjazUZ_2017_1,,child,,,,,,,,,,CD,,,,,,Lactulose,,,,,,,,,,,,,,,,,,,,,,,,,,,,,,,,,20546,,,,,,,,,,,,,,,,,,,,,,,,,,,,,,,,,,,,,,,,,,,,,,,,,,,,,,,,,,,
S45_a_WGS,IjazUZ_2017,subIJ_8,stool,no,IBD,IBD,14.0,,schoolage,,GBR,no,IlluminaHiSeq,,28222161,2492282,689490392,72,302,ERR1776158,,,"Paolo_Manghi,Marisa_Metzger",,IjazUZ_2017_8,0.0,child,,,,,,,,,,CD,,,,,,no,,,,,,,,,,,,,,,,,,,,,,,,,,,,,,,,L3,22723,,,,,,,,,,,,,,yes,,,,,,,,,,,,,,,,,,,,,,,,,,,,,,,,,,,,,,,,,,,,,
S57_a_WGS,IjazUZ_2017,subIJ_10,stool,no,IBD,IBD,14.0,,schoolage,,GBR,no,IlluminaHiSeq,,28222161,2869360,796025260,72,302,ERR1776171,,,"Paolo_Manghi,Marisa_Metzger",,IjazUZ_2017_10,15.0,child,,,,,,,,,,CD,,,,,,EEN;5-ASA;folate;forceval;methotrexate,,,,,,,,,,,,,,,,,,,,,,,,,,,,,,,,L3L4,20562,,,,,,,,,,,,,,no,,,,,,,,,,,,,,,,,,,,,,,,,,,,,,,,,,,,,,,,,,,,,
S58_a_WGS,IjazUZ_2017,subIJ_10,stool,no,IBD,IBD,14.0,,schoolage,,GBR,no,IlluminaHiSeq,,28222161,8101969,2269686423,72,302,ERR1776172,,,"Paolo_Manghi,Marisa_Metzger",,IjazUZ_2017_10,30.0,child,,,,,,,,,,CD,,,,,,EEN;5-ASA;folate;forceval;methotrexate,,,,,,,,,,,,,,,,,,,,,,,,,,,,,,,,L3L4,20767,,,,,,,,,,,,,,no,,,,,,,,,,,,,,,,,,,,,,,,,,,,,,,,,,,,,,,,,,,,,
S83_a_WGS,IjazUZ_2017,subIJ_15,stool,no,IBD,IBD,11.0,,child,,GBR,no,IlluminaHiSeq,,28222161,8206387,2275394483,72,302,ERR1776194,,,"Paolo_Manghi,Marisa_Metzger",,IjazUZ_2017_15,,child,,,,,,,,,,CD,,,,,,no,,,,,,,,,,,,,,,,,,,,,,,,,,,,,,,,L2L4,241817,,,,,,,,,,,,,,,,,,,,,,,,,,,,,,,,,,,,,,,,,,,,,,,,,,,,,,,,,,,
S63_a_WGS,IjazUZ_2017,subIJ_11,stool,no,IBD,IBD,12.0,,schoolage,,GBR,no,IlluminaHiSeq,,28222161,1411175,318036556,72,245,ERR1776178,,,"Paolo_Manghi,Marisa_Metzger",,IjazUZ_2017_11,15.0,child,,,,,,,,,,CD,,,,,,aza;iron;EEN,,,,,,,,,,,,,,,,,,,,,,,,,,,,,,,,L2L4,22216,,,,,,,,,,,,,,yes,,,,,,,,,,,,,,,,,,,,,,,,,,,,,,,,,,,,,,,,,,,,,
S71_a_WGS,IjazUZ_2017,subIJ_12,stool,no,IBD,IBD,13.0,,schoolage,,GBR,no,IlluminaHiSeq,,28222161,8248360,2289355218,72,302,ERR1776187,,,"Paolo_Manghi,Marisa_Metzger",,IjazUZ_2017_12,,child,,,,,,,,,,CD,,,,,,aza,,,,,,,,,,,,,,,,,,,,,,,,,,,,,,,,L2L4,1681517,,,,,,,,,,,,,,,,,,,,,,,,,,,,,,,,,,,,,,,,,,,,,,,,,,,,,,,,,,,
S14_a_WGS,IjazUZ_2017,subIJ_3,stool,no,IBD,IBD,12.0,,schoolage,,GBR,no,IlluminaHiSeq,,28222161,9989121,2733820115,72,302,ERR1776120,,,"Paolo_Manghi,Marisa_Metzger",,IjazUZ_2017_3,15.0,child,,,,,,,,,,CD,,,,,,EEN;5-ASA,,,,,,,,,,,,,,,,,,,,,,,,,,,,,,,,L3L4,17048,,,,,,,,,,,,,,yes,,,,,,,,,,,,,,,,,,,,,,,,,,,,,,,,,,,,,,,,,,,,,
S68_a_WGS,IjazUZ_2017,subIJ_12,stool,no,IBD,IBD,13.0,,schoolage,,GBR,no,IlluminaHiSeq,,28222161,1227785,343202790,72,302,ERR1776183,,,"Paolo_Manghi,Marisa_Metzger",,IjazUZ_2017_12,0.0,child,,,,,,,,,,CD,,,,,,no,,,,,,,,,,,,,,,,,,,,,,,,,,,,,,,,L2L4,2389689,,,,,,,,,,,,,,no,,,,,,,,,,,,,,,,,,,,,,,,,,,,,,,,,,,,,,,,,,,,,
S6_a_WGS,IjazUZ_2017,subIJ_1R,stool,no,control,healthy,45.0,,adult,female,GBR,no,IlluminaHiSeq,,28222161,10443417,2879015607,72,302,ERR1776185,,,"Paolo_Manghi,Marisa_Metzger",,IjazUZ_2017_1,,mother,,,,,,,,,,,,,,,,no,,,,,,,,,,,,,,,,,,,,,,,,,,,,,,,,,362,,,,,,,,,,,,,,,,,,,,,,,,,,,,,,,,,,,,,,,,,,,,,,,,,,,,,,,,,,,
S49_a_WGS,IjazUZ_2017,subIJ_8,stool,no,IBD,IBD,14.0,,schoolage,,GBR,no,IlluminaHiSeq,,28222161,1640907,431508026,72,302,ERR1776162,,,"Paolo_Manghi,Marisa_Metzger",,IjazUZ_2017_8,,child,,,,,,,,,,CD,,,,,,probiotic,,,,,,,,,,,,,,,,,,,,,,,,,,,,,,,,L3,20853,,,,,,,,,,,,,,,,,,,,,,,,,,,,,,,,,,,,,,,,,,,,,,,,,,,,,,,,,,,
S60_a_WGS,IjazUZ_2017,subIJ_10,stool,no,IBD,IBD,14.0,,schoolage,,GBR,no,IlluminaHiSeq,,28222161,6269227,1731639391,72,302,ERR1776175,,,"Paolo_Manghi,Marisa_Metzger",,IjazUZ_2017_10,,child,,,,,,,,,,CD,,,,,,5-ASA;folate;forceval;methotrexate,,,,,,,,,,,,,,,,,,,,,,,,,,,,,,,,L3L4,21695,,,,,,,,,,,,,,,,,,,,,,,,,,,,,,,,,,,,,,,,,,,,,,,,,,,,,,,,,,,
S148_a_WGS,IjazUZ_2017,subIJ_33,stool,no,IBD,IBD,9.0,,child,,GBR,no,IlluminaHiSeq,,28222161,378016,106569905,72,302,ERR1776118,,,"Paolo_Manghi,Marisa_Metzger",,IjazUZ_2017_33,0.0,child,,,,,,,,,,CD,,,,,,no,,,,,,,,,,,,,,,,,,,,,,,,,,,,,,,,L3L4,31142,,,,,,,,,,,,,,yes,,,,,,,,,,,,,,,,,,,,,,,,,,,,,,,,,,,,,,,,,,,,,
S28_a_WGS,IjazUZ_2017,subIJ_5,stool,no,IBD,IBD,12.0,,schoolage,,GBR,no,IlluminaHiSeq,,28222161,4733996,1332779176,72,302,ERR1776146,,,"Paolo_Manghi,Marisa_Metzger",,IjazUZ_2017_5,15.0,child,,,,,,,,,,CD,,,,,,EEN;aza,,,,,,,,,,,,,,,,,,,,,,,,,,,,,,,,L3L4,18080,,,,,,,,,,,,,,no,,,,,,,,,,,,,,,,,,,,,,,,,,,,,,,,,,,,,,,,,,,,,
S66_a_WGS,IjazUZ_2017,subIJ_11,stool,no,IBD,IBD,13.0,,schoolage,,GBR,no,IlluminaHiSeq,,28222161,5961266,1651282454,72,302,ERR1776181,,,"Paolo_Manghi,Marisa_Metzger",,IjazUZ_2017_11,,child,,,,,,,,,,CD,,,,,,5-ASA;aza,,,,,,,,,,,,,,,,,,,,,,,,,,,,,,,,L2L4,23277,,,,,,,,,,,,,,,,,,,,,,,,,,,,,,,,,,,,,,,,,,,,,,,,,,,,,,,,,,,
S139_a_WGS,IjazUZ_2017,subIJ_25,stool,no,control,healthy,12.0,,schoolage,,GBR,no,IlluminaHiSeq,,28222161,7358644,2054575194,72,302,ERR1776112,,,"Paolo_Manghi,Marisa_Metzger",,IjazUZ_2017_25,,,,,,,,,,,,,,,,,,no,,,,,,,,,,,,,,,,,,,,,,,,,,,,,,,,,85,,,,,,,,,,,,,,,,,,,,,,,,,,,,,,,,,,,,,,,,,,,,,,,,,,,,,,,,,,,
S16_a_WGS,IjazUZ_2017,subIJ_3,stool,no,IBD,IBD,12.0,,schoolage,,GBR,no,IlluminaHiSeq,,28222161,4738216,1322597250,72,302,ERR1776140,,,"Paolo_Manghi,Marisa_Metzger",,IjazUZ_2017_3,,child,,,,,,,,,,CD,,,,,,5-ASA,,,,,,,,,,,,,,,,,,,,,,,,,,,,,,,,L3L4,391,,,,,,,,,,,,,,yes,,,,,,,,,,,,,,,,,,,,,,,,,,,,,,,,,,,,,,,,,,,,,
S34_a_WGS,IjazUZ_2017,subIJ_6,stool,no,IBD,IBD,7.0,,child,,GBR,no,IlluminaHiSeq,,28222161,3171801,812703804,72,302,ERR1776153,,,"Paolo_Manghi,Marisa_Metzger",,IjazUZ_2017_6,30.0,child,,,,,,,,,,CD,,,,,,EEN;aza,,,,,,,,,,,,,,,,,,,,,,,,,,,,,,,,L2,15358,,,,,,,,,,,,,,yes,,,,,,,,,,,,,,,,,,,,,,,,,,,,,,,,,,,,,,,,,,,,,
S55_a_WGS,IjazUZ_2017,subIJ_9,stool,no,IBD,IBD,12.0,,schoolage,,GBR,no,IlluminaHiSeq,,28222161,4504620,1233151325,72,302,ERR1776169,,,"Paolo_Manghi,Marisa_Metzger",,IjazUZ_2017_9,,child,,,,,,,,,,CD,,,,,,aza;5-ASA;modulen_suppl,,,,,,,,,,,,,,,,,,,,,,,,,,,,,,,,L3L4,24950,,,,,,,,,,,,,,,,,,,,,,,,,,,,,,,,,,,,,,,,,,,,,,,,,,,,,,,,,,,
S35_a_WGS,IjazUZ_2017,subIJ_6,stool,no,IBD,IBD,7.0,,child,,GBR,no,IlluminaHiSeq,,28222161,6171506,1713581537,72,302,ERR1776154,,,"Paolo_Manghi,Marisa_Metzger",,IjazUZ_2017_6,,child,,,,,,,,,,CD,,,,,,aza,,,,,,,,,,,,,,,,,,,,,,,,,,,,,,,,L2,7181,,,,,,,,,,,,,,yes,,,,,,,,,,,,,,,,,,,,,,,,,,,,,,,,,,,,,,,,,,,,,
S73_a_WGS,IjazUZ_2017,subIJ_13,stool,no,control,healthy,10.0,,child,,GBR,no,IlluminaHiSeq,,28222161,6064725,1704268178,72,302,ERR1776189,,,"Paolo_Manghi,Marisa_Metzger",,IjazUZ_2017_13,,,,,,,,,,,,,,,,,,no,,,,,,,,,,,,,,,,,,,,,,,,,,,,,,,,,50,,,,,,,,,,,,,,,,,,,,,,,,,,,,,,,,,,,,,,,,,,,,,,,,,,,,,,,,,,,
S117_a_WGS,IjazUZ_2017,subIJ_28,stool,no,control,healthy,7.0,,child,,GBR,no,IlluminaHiSeq,,28222161,3839459,1058536294,72,302,ERR1776105,,,"Paolo_Manghi,Marisa_Metzger",,IjazUZ_2017_28,,,,,,,,,,,,,,,,,,no,,,,,,,,,,,,,,,,,,,,,,,,,,,,,,,,,1013,,,,,,,,,,,,,,,,,,,,,,,,,,,,,,,,,,,,,,,,,,,,,,,,,,,,,,,,,,,
S101_a_WGS,IjazUZ_2017,subIJ_21,stool,no,IBD,IBD,13.0,,schoolage,,GBR,no,IlluminaHiSeq,,28222161,3304314,917998110,72,302,ERR1776102,,,"Paolo_Manghi,Marisa_Metzger",,IjazUZ_2017_21,0.0,child,,,,,,,,,,CD,,,,,,no,,,,,,,,,,,,,,,,,,,,,,,,,,,,,,,,L3,24740,,,,,,,,,,,,,,no,,,,,,,,,,,,,,,,,,,,,,,,,,,,,,,,,,,,,,,,,,,,,
S54_a_WGS,IjazUZ_2017,subIJ_9,stool,no,IBD,IBD,12.0,,schoolage,,GBR,no,IlluminaHiSeq,,28222161,4226179,1185762916,72,302,ERR1776168,,,"Paolo_Manghi,Marisa_Metzger",,IjazUZ_2017_9,,child,,,,,,,,,,CD,,,,,,aza;5-ASA,,,,,,,,,,,,,,,,,,,,,,,,,,,,,,,,L3L4,24609,,,,,,,,,,,,,,no,,,,,,,,,,,,,,,,,,,,,,,,,,,,,,,,,,,,,,,,,,,,,
S150_a_WGS,IjazUZ_2017,subIJ_33,stool,no,IBD,IBD,9.0,,child,,GBR,no,IlluminaHiSeq,,28222161,5268146,1469088712,72,302,ERR1776121,,,"Paolo_Manghi,Marisa_Metzger",,IjazUZ_2017_33,30.0,child,,,,,,,,,,CD,,,,,,EEN;iron,,,,,,,,,,,,,,,,,,,,,,,,,,,,,,,,L3L4,18038,,,,,,,,,,,,,,yes,,,,,,,,,,,,,,,,,,,,,,,,,,,,,,,,,,,,,,,,,,,,,
